<?xml version="1.0" encoding="UTF-8"?>
<project-private xmlns="http://www.netbeans.org/ns/project-private/1">
    <editor-bookmarks xmlns="http://www.netbeans.org/ns/editor-bookmarks/2" lastBookmarkId="0"/>
    <open-files xmlns="http://www.netbeans.org/ns/projectui-open-files/2">
        <group>
            <file>file:/C:/Users/pc/OneDrive/Desktop/DBMS_Project-main/DBMS_Project-main/Tender_Management_System/src/View_assigned_tenders.java</file>
            <file>file:/C:/Users/pc/OneDrive/Desktop/DBMS_Project-main/DBMS_Project-main/Tender_Management_System/src/User_homepage.java</file>
            <file>file:/C:/Users/pc/OneDrive/Desktop/DBMS_Project-main/DBMS_Project-main/Tender_Management_System/src/User_applytender.java</file>
            <file>file:/C:/Users/pc/OneDrive/Desktop/DBMS_Project-main/DBMS_Project-main/Tender_Management_System/src/Assign_tender.java</file>
            <file>file:/C:/Users/pc/OneDrive/Desktop/DBMS_Project-main/DBMS_Project-main/Tender_Management_System/src/Vendor_login.java</file>
            <file>file:/C:/Users/pc/OneDrive/Desktop/DBMS_Project-main/DBMS_Project-main/Tender_Management_System/src/Admin_user.java</file>
        </group>
    </open-files>
</project-private>
